BOTTLE,20090107PRINUNIVRMKPRINUNIVRMK
# 5/27/05 Initialized README file  
# Data from Kozyr via CARINA web site 
# Some of this data available from BODC in BOFS collection 
# Ship: Discovery 
# Cruise: 74DI191 
# Dates: 5/15 - 6/4/1990 
# EXPOCODE: 74DI19900515 
# Region: Sta 2&3 at 22W, 59N; remainder at 16W-18W, 48N=50N 
# Chief Scientist - unknown 
# 43 stations with 12 place Rosette (5 deep) 
# Hydro: Who - unknown; Status - final 
# 	Notes: Pressure approximated from listed depth? 
# 	Cast and bottle numbers fabricated 
# Nuts/O2: Who - unknown; Status - final 
# 	Notes: No oxygen data 
# 	Few deep nitrate values bit high, but general agreement with GLODAP 
# 	General silicate agreement with GLODAP 
# 	Approx 50% of phosphate very high and flagged 3 
# TCO2: Who - Watson; Status - final 
# 	Notes: Method?; Precision?; Calibration? 
# 	One deep station, remainder in upper 300m 
# 	Data compare well with GLODAP 
# pCO2: Who - Watson; Status - final 
# 	Notes: One deep station, remainder in upper 300m 
# 	No pCO2 temperature in file 
EXPOCODE,STNNBR,CASTNO,BTLNBR,BTLNBR_FLAG_W,DATE,LATITUDE,LONGITUDE,DEPTH,CTDPRS,CTDTMP,SALNTY,SALNTY_FLAG_W,SILCAT,SILCAT_FLAG_W,NITRAT,NITRAT_FLAG_W,NITRIT,NITRIT_FLAG_W,PHSPHT,PHSPHT_FLAG_W,TCARBN,TCARBN_FLAG_W,PCO2,PCO2_FLAG_W,THETA
,,,,,,,,METERS,DBARS,ITS-90,PSS-78,,UMOL/KG,,UMOL/KG,,UMOL/KG,,UMOL/KG,,UMOL/KG,,PPM,,DEGC
  74DI19900515,     2,  1,      1,2,19900515, 58.9928, -21.9510, 2816,     49.4,   8.3170,-999.0000,9,  -999.00,9,  -999.00,9,  -999.00,9,  -999.00,9,   -999.0,9,   -999.0,9,-999.0000
  74DI19900515,     2,  1,      2,2,19900515, 58.9928, -21.9510, 2816,     74.7,   8.2360,-999.0000,9,     9.26,2,    13.60,2,     0.13,2,     1.41,3,   2136.8,2,    425.1,2,-999.0000
  74DI19900515,     2,  1,      3,2,19900515, 58.9928, -21.9510, 2816,    101.9,   7.9700,-999.0000,9,     9.75,2,    14.09,2,     0.13,2,     1.46,3,   2140.3,2,    431.9,2,-999.0000
  74DI19900515,     2,  1,      4,2,19900515, 58.9928, -21.9510, 2816,    400.6,   7.2370,-999.0000,9,    10.72,2,    15.06,2,     0.08,2,     1.51,3,   2144.9,2,    451.2,2,-999.0000
  74DI19900515,     2,  1,      5,2,19900515, 58.9928, -21.9510, 2816,    600.6,   6.5680,-999.0000,9,    11.70,2,    16.53,2,  -999.00,9,     1.56,3,   2153.7,2,    479.6,2,-999.0000
  74DI19900515,     2,  1,      6,2,19900515, 58.9928, -21.9510, 2816,    898.9,   4.7800,-999.0000,9,    14.62,2,    19.45,2,  -999.00,9,     1.71,3,   2170.5,2,    549.8,2,-999.0000
  74DI19900515,     2,  1,      7,2,19900515, 58.9928, -21.9510, 2816,   1000.1,   4.3990,-999.0000,9,    14.62,2,    19.45,2,  -999.00,9,     1.71,3,   2170.6,2,    523.7,2,-999.0000
  74DI19900515,     2,  1,      8,2,19900515, 58.9928, -21.9510, 2816,   1497.4,   3.6350,-999.0000,9,    14.14,2,    18.48,2,  -999.00,9,     1.66,3,   2157.9,2,    517.6,2,-999.0000
  74DI19900515,     2,  1,      9,2,19900515, 58.9928, -21.9510, 2816,   2246.8,   3.3800,-999.0000,9,    15.60,2,    16.53,2,  -999.00,9,     1.61,3,   2159.3,2,    517.7,2,-999.0000
  74DI19900515,     2,  1,     10,2,19900515, 58.9928, -21.9510, 2816,   2746.0,   2.8830,-999.0000,9,    19.50,2,    16.53,2,  -999.00,9,     1.61,3,   2168.1,2,   -999.0,9,-999.0000
  74DI19900515,     3,  1,      1,2,19900516, 59.0053, -21.9180, 2697,     12.3,   8.6360,-999.0000,9,     9.75,2,    12.14,2,     0.18,2,     1.02,3,   2126.1,2,    388.7,2,-999.0000
  74DI19900515,     3,  1,      2,2,19900516, 59.0053, -21.9180, 2697,     21.2,   8.6470,-999.0000,9,     9.75,2,    12.14,2,     0.18,2,     1.02,3,   2126.8,2,    387.7,2,-999.0000
  74DI19900515,     3,  1,      3,2,19900516, 59.0053, -21.9180, 2697,     31.6,   8.6540,-999.0000,9,     9.75,2,    12.14,2,     0.18,2,     1.02,3,   2129.5,2,    391.9,2,-999.0000
  74DI19900515,     3,  1,      4,2,19900516, 59.0053, -21.9180, 2697,     40.9,   8.5970,-999.0000,9,     9.75,2,    12.62,2,     0.18,2,     1.07,3,   2132.2,2,    398.1,2,-999.0000
  74DI19900515,     3,  1,      5,2,19900516, 59.0053, -21.9180, 2697,     50.7,   8.5740,-999.0000,9,     9.75,2,    12.62,2,     0.22,2,     1.12,3,   2132.6,2,    405.5,2,-999.0000
  74DI19900515,     3,  1,      6,2,19900516, 59.0053, -21.9180, 2697,     76.3,   8.0990,-999.0000,9,     9.75,2,    13.60,2,     0.32,2,     1.17,3,   2135.8,2,    420.6,2,-999.0000
  74DI19900515,     3,  1,      7,2,19900516, 59.0053, -21.9180, 2697,    100.6,   7.9300,-999.0000,9,     9.75,2,    14.09,2,     0.18,2,     1.32,3,   2137.4,2,    422.9,2,-999.0000
  74DI19900515,     3,  1,      8,2,19900516, 59.0053, -21.9180, 2697,    126.2,   8.1800,-999.0000,9,     9.75,2,    14.58,2,     0.08,2,     1.32,3,   2135.0,2,    420.6,2,-999.0000
  74DI19900515,     3,  1,      9,2,19900516, 59.0053, -21.9180, 2697,    150.4,   8.0990,-999.0000,9,     9.75,2,    14.58,2,     0.08,2,     1.32,3,   -999.0,9,    423.7,2,-999.0000
  74DI19900515,     3,  1,     10,2,19900516, 59.0053, -21.9180, 2697,    202.2,   7.9990,-999.0000,9,     9.75,2,    14.58,2,     0.03,2,     1.32,3,   2144.0,2,    424.4,2,-999.0000
  74DI19900515,     3,  1,     11,2,19900516, 59.0053, -21.9180, 2697,    300.0,   7.4740,-999.0000,9,    11.21,2,    14.58,2,     0.08,2,     1.41,3,   2141.8,2,    436.7,2,-999.0000
  74DI19900515,     4,  1,      1,2,19900519, 48.5729, -17.3270, 4684,      2.6,  13.7070,-999.0000,9,  -999.00,9,  -999.00,9,  -999.00,9,  -999.00,9,   -999.0,9,   -999.0,9,-999.0000
  74DI19900515,     4,  1,      2,2,19900519, 48.5729, -17.3270, 4684,      6.2,  13.6880,-999.0000,9,  -999.00,9,  -999.00,9,  -999.00,9,  -999.00,9,   -999.0,9,   -999.0,9,-999.0000
  74DI19900515,     4,  1,      3,2,19900519, 48.5729, -17.3270, 4684,     10.7,  13.2350,-999.0000,9,  -999.00,9,  -999.00,9,  -999.00,9,  -999.00,9,   -999.0,9,   -999.0,9,-999.0000
  74DI19900515,     4,  1,      4,2,19900519, 48.5729, -17.3270, 4684,     16.1,  12.9440,-999.0000,9,  -999.00,9,  -999.00,9,  -999.00,9,  -999.00,9,   -999.0,9,   -999.0,9,-999.0000
  74DI19900515,     4,  1,      5,2,19900519, 48.5729, -17.3270, 4684,     26.1,  12.6700,-999.0000,9,  -999.00,9,  -999.00,9,  -999.00,9,  -999.00,9,   -999.0,9,   -999.0,9,-999.0000
  74DI19900515,     4,  1,      6,2,19900519, 48.5729, -17.3270, 4684,     37.3,  12.1820,-999.0000,9,  -999.00,9,  -999.00,9,  -999.00,9,  -999.00,9,   -999.0,9,   -999.0,9,-999.0000
  74DI19900515,     4,  1,      7,2,19900519, 48.5729, -17.3270, 4684,    302.7,  11.0170,-999.0000,9,  -999.00,9,  -999.00,9,  -999.00,9,  -999.00,9,   -999.0,9,   -999.0,9,-999.0000
  74DI19900515,     5,  1,      1,2,19900519, 48.5509, -17.3300, 4684,    299.9,  11.0450,-999.0000,9,  -999.00,9,  -999.00,9,  -999.00,9,  -999.00,9,   -999.0,9,   -999.0,9,-999.0000
  74DI19900515,     5,  1,      2,2,19900519, 48.5509, -17.3300, 4684,    401.3,  10.8140,-999.0000,9,     5.45,2,    12.77,2,     0.03,2,     1.07,3,   -999.0,9,   -999.0,9,-999.0000
  74DI19900515,     5,  1,      3,2,19900519, 48.5509, -17.3300, 4684,    601.2,   9.7760,-999.0000,9,     7.80,2,    16.14,2,     0.02,2,     1.51,3,   -999.0,9,   -999.0,9,-999.0000
  74DI19900515,     5,  1,      4,2,19900519, 48.5509, -17.3300, 4684,    751.2,   9.2460,-999.0000,9,  -999.00,9,  -999.00,9,  -999.00,9,  -999.00,9,   -999.0,9,   -999.0,9,-999.0000
  74DI19900515,     5,  1,      5,2,19900519, 48.5509, -17.3300, 4684,    903.4,   8.3510,-999.0000,9,  -999.00,9,  -999.00,9,  -999.00,9,  -999.00,9,   -999.0,9,   -999.0,9,-999.0000
  74DI19900515,     5,  1,      6,2,19900519, 48.5509, -17.3300, 4684,    998.7,   7.6000,-999.0000,9,    11.70,2,    20.69,2,     0.02,2,     1.89,3,   -999.0,9,   -999.0,9,-999.0000
  74DI19900515,     5,  1,      7,2,19900519, 48.5509, -17.3300, 4684,   1499.3,   4.0350,-999.0000,9,  -999.00,9,  -999.00,9,  -999.00,9,  -999.00,9,   -999.0,9,   -999.0,9,-999.0000
  74DI19900515,     5,  1,      8,2,19900519, 48.5509, -17.3300, 4684,   2244.1,   3.4250,-999.0000,9,    14.62,2,    19.62,2,     0.02,2,     1.83,3,   -999.0,9,   -999.0,9,-999.0000
  74DI19900515,     5,  1,      9,2,19900519, 48.5509, -17.3300, 4684,   2748.9,   3.0120,-999.0000,9,  -999.00,9,  -999.00,9,  -999.00,9,  -999.00,9,   -999.0,9,   -999.0,9,-999.0000
  74DI19900515,     5,  1,     10,2,19900519, 48.5509, -17.3300, 4684,   3247.2,   2.6860,-999.0000,9,  -999.00,9,  -999.00,9,  -999.00,9,  -999.00,9,   -999.0,9,   -999.0,9,-999.0000
  74DI19900515,     5,  1,     11,2,19900519, 48.5509, -17.3300, 4684,   3747.7,   2.5050,-999.0000,9,  -999.00,9,  -999.00,9,  -999.00,9,  -999.00,9,   -999.0,9,   -999.0,9,-999.0000
  74DI19900515,     5,  1,     12,2,19900519, 48.5509, -17.3300, 4684,   4244.4,   2.4800,-999.0000,9,  -999.00,9,  -999.00,9,  -999.00,9,  -999.00,9,   -999.0,9,   -999.0,9,-999.0000
  74DI19900515,     5,  1,     13,2,19900519, 48.5509, -17.3300, 4684,   4396.0,   2.4820,-999.0000,9,  -999.00,9,  -999.00,9,  -999.00,9,  -999.00,9,   -999.0,9,   -999.0,9,-999.0000
  74DI19900515,     6,  1,      1,2,19900519, 48.5326, -17.3590, 4684,      1.6,  13.7350,-999.0000,9,     1.45,2,     0.16,2,     0.03,2,     0.08,2,   -999.0,9,   -999.0,9,-999.0000
  74DI19900515,     6,  1,      2,2,19900519, 48.5326, -17.3590, 4684,     11.4,  13.2220,-999.0000,9,  -999.00,9,  -999.00,9,  -999.00,9,  -999.00,9,   -999.0,9,   -999.0,9,-999.0000
  74DI19900515,     6,  1,      3,2,19900519, 48.5326, -17.3590, 4684,     20.1,  12.8600,-999.0000,9,  -999.00,9,  -999.00,9,  -999.00,9,  -999.00,9,   -999.0,9,   -999.0,9,-999.0000
  74DI19900515,     6,  1,      4,2,19900519, 48.5326, -17.3590, 4684,     31.3,  12.5220,-999.0000,9,     3.21,2,     6.22,2,     0.27,2,     0.62,2,   -999.0,9,   -999.0,9,-999.0000
  74DI19900515,     6,  1,      5,2,19900519, 48.5326, -17.3590, 4684,     40.6,  12.0250,-999.0000,9,  -999.00,9,  -999.00,9,  -999.00,9,  -999.00,9,   -999.0,9,   -999.0,9,-999.0000
  74DI19900515,     6,  1,      6,2,19900519, 48.5326, -17.3590, 4684,     51.2,  11.8580,-999.0000,9,  -999.00,9,  -999.00,9,  -999.00,9,  -999.00,9,   -999.0,9,   -999.0,9,-999.0000
  74DI19900515,     6,  1,      7,2,19900519, 48.5326, -17.3590, 4684,     75.8,  11.6380,-999.0000,9,  -999.00,9,  -999.00,9,  -999.00,9,  -999.00,9,   -999.0,9,   -999.0,9,-999.0000
  74DI19900515,     6,  1,      8,2,19900519, 48.5326, -17.3590, 4684,    100.5,  11.4660,-999.0000,9,     4.87,2,    12.01,2,     0.12,2,     0.97,3,   -999.0,9,   -999.0,9,-999.0000
  74DI19900515,     6,  1,      9,2,19900519, 48.5326, -17.3590, 4684,    151.9,  11.2860,-999.0000,9,  -999.00,9,  -999.00,9,  -999.00,9,  -999.00,9,   -999.0,9,   -999.0,9,-999.0000
  74DI19900515,     6,  1,     10,2,19900519, 48.5326, -17.3590, 4684,    302.3,  11.0060,-999.0000,9,  -999.00,9,  -999.00,9,  -999.00,9,  -999.00,9,   -999.0,9,   -999.0,9,-999.0000
  74DI19900515,     7,  1,      1,2,19900519, 48.5191, -17.4340, 4684,      1.9,-999.0000,-999.0000,9,     1.65,2,     0.03,2,     0.03,2,     0.24,2,   -999.0,9,    241.9,2,-999.0000
  74DI19900515,     7,  1,      2,2,19900519, 48.5191, -17.4340, 4684,      8.2,-999.0000,-999.0000,9,     1.65,2,     0.27,2,     0.05,2,     0.32,2,   -999.0,9,    244.6,2,-999.0000
  74DI19900515,     7,  1,      3,2,19900519, 48.5191, -17.4340, 4684,     19.6,  12.9490,  35.6630,2,     2.53,2,     4.17,2,     0.19,2,     0.87,3,   -999.0,9,    289.8,2,  12.9463
  74DI19900515,     7,  1,      4,2,19900519, 48.5191, -17.4340, 4684,     30.1,  12.1770,  35.6400,2,     3.26,2,     6.05,2,     0.31,2,     1.04,3,   -999.0,9,    307.1,2,  12.1730
  74DI19900515,     7,  1,      5,2,19900519, 48.5191, -17.4340, 4684,     40.0,  12.0370,  35.6580,2,     4.14,2,     9.17,2,     0.55,2,     1.20,3,   -999.0,9,    334.0,2,  12.0318
  74DI19900515,     7,  1,      6,2,19900519, 48.5191, -17.4340, 4684,     49.4,  11.9040,  35.6690,2,     4.38,2,    10.89,2,     0.17,2,     1.22,3,   -999.0,9,    345.3,2,  11.8976
  74DI19900515,     7,  1,      7,2,19900519, 48.5191, -17.4340, 4684,     74.3,  11.6130,  35.6050,2,     4.77,2,    11.47,2,     0.25,2,     1.22,3,   -999.0,9,    345.6,2,  11.6035
  74DI19900515,     7,  1,      8,2,19900519, 48.5191, -17.4340, 4684,     98.8,  11.4650,  35.5850,2,     4.92,2,    13.37,2,     0.10,2,     1.30,3,   -999.0,9,    356.5,2,  11.4525
  74DI19900515,     7,  1,      9,2,19900519, 48.5191, -17.4340, 4684,    123.6,  11.4010,  35.5810,2,     4.87,2,    11.88,2,     0.11,2,     1.22,3,   -999.0,9,    356.0,2,  11.3854
  74DI19900515,     7,  1,     10,2,19900519, 48.5191, -17.4340, 4684,    148.1,  11.4190,  35.5860,2,     4.77,2,    11.68,2,     0.06,2,     1.20,3,   -999.0,9,    355.3,2,  11.4002
  74DI19900515,     7,  1,     11,2,19900519, 48.5191, -17.4340, 4684,    199.2,  11.3520,  35.5790,2,     4.92,2,    11.70,2,     0.03,2,     1.20,3,   -999.0,9,    356.3,2,  11.3268
  74DI19900515,     7,  1,     12,2,19900519, 48.5191, -17.4340, 4684,    300.1,  11.2110,  35.5550,2,     4.92,2,    11.96,2,     0.03,2,     1.20,3,   -999.0,9,    362.0,2,  11.1731
  74DI19900515,     8,  1,      1,2,19900520, 48.4860, -17.5780, 4497,      2.9,  13.9080,  35.6180,2,  -999.00,9,  -999.00,9,  -999.00,9,  -999.00,9,   -999.0,9,   -999.0,9,  13.9076
  74DI19900515,     8,  1,      2,2,19900520, 48.4860, -17.5780, 4497,    182.4,  11.4070,  35.5950,2,  -999.00,9,  -999.00,9,  -999.00,9,  -999.00,9,   -999.0,9,   -999.0,9,  11.3838
  74DI19900515,     9,  1,      1,2,19900521, 48.5011, -17.7870, 4553,     43.9,  11.9970,  35.6470,2,  -999.00,9,  -999.00,9,  -999.00,9,  -999.00,9,   -999.0,9,   -999.0,9,  11.9913
  74DI19900515,     9,  1,      2,2,19900521, 48.5011, -17.7870, 4553,    298.8,  11.1870,  35.5530,2,  -999.00,9,  -999.00,9,  -999.00,9,  -999.00,9,   -999.0,9,   -999.0,9,  11.1494
  74DI19900515,    10,  1,      1,2,19900521, 48.4959, -17.7930, 4497,      1.7,  14.0310,  35.6080,2,  -999.00,9,  -999.00,9,  -999.00,9,  -999.00,9,   -999.0,9,   -999.0,9,  14.0308
  74DI19900515,    10,  1,      2,2,19900521, 48.4959, -17.7930, 4497,      4.2,  13.9530,  35.6270,2,  -999.00,9,  -999.00,9,  -999.00,9,  -999.00,9,   -999.0,9,   -999.0,9,  13.9524
  74DI19900515,    10,  1,      3,2,19900521, 48.4959, -17.7930, 4497,      9.4,  13.7420,  35.6400,2,  -999.00,9,  -999.00,9,  -999.00,9,  -999.00,9,   -999.0,9,   -999.0,9,  13.7407
  74DI19900515,    10,  1,      4,2,19900521, 48.4959, -17.7930, 4497,     13.5,  13.5400,  35.6140,2,  -999.00,9,  -999.00,9,  -999.00,9,  -999.00,9,   -999.0,9,   -999.0,9,  13.5381
  74DI19900515,    10,  1,      5,2,19900521, 48.4959, -17.7930, 4497,     23.7,  12.5610,  35.6490,2,  -999.00,9,  -999.00,9,  -999.00,9,  -999.00,9,   -999.0,9,   -999.0,9,  12.5578
  74DI19900515,    10,  1,      6,2,19900521, 48.4959, -17.7930, 4497,     34.6,  12.0340,  35.6370,2,  -999.00,9,  -999.00,9,  -999.00,9,  -999.00,9,   -999.0,9,   -999.0,9,  12.0295
  74DI19900515,    11,  1,      1,2,19900521, 48.4970, -17.7990, 4497,    297.7,  11.2200,  35.5610,2,  -999.00,9,  -999.00,9,  -999.00,9,  -999.00,9,   -999.0,9,   -999.0,9,  11.1824
  74DI19900515,    12,  1,      1,2,19900521, 48.4985, -17.8020, 4497,      1.4,  14.0840,  35.6180,2,  -999.00,9,  -999.00,9,  -999.00,9,  -999.00,9,   -999.0,9,   -999.0,9,  14.0838
  74DI19900515,    12,  1,      2,2,19900521, 48.4985, -17.8020, 4497,      8.7,  14.0850,  35.6180,2,  -999.00,9,  -999.00,9,  -999.00,9,  -999.00,9,   -999.0,9,   -999.0,9,  14.0837
  74DI19900515,    12,  1,      3,2,19900521, 48.4985, -17.8020, 4497,     18.7,  12.7940,  35.6370,2,  -999.00,9,  -999.00,9,  -999.00,9,  -999.00,9,   -999.0,9,   -999.0,9,  12.7915
  74DI19900515,    12,  1,      4,2,19900521, 48.4985, -17.8020, 4497,     28.7,  12.1600,  35.6550,2,  -999.00,9,  -999.00,9,  -999.00,9,  -999.00,9,   -999.0,9,   -999.0,9,  12.1562
  74DI19900515,    12,  1,      5,2,19900521, 48.4985, -17.8020, 4497,     38.1,  12.0100,  35.6560,2,  -999.00,9,  -999.00,9,  -999.00,9,  -999.00,9,   -999.0,9,   -999.0,9,  12.0050
  74DI19900515,    12,  1,      6,2,19900521, 48.4985, -17.8020, 4497,     49.0,  11.8240,  35.6350,2,  -999.00,9,  -999.00,9,  -999.00,9,  -999.00,9,   -999.0,9,   -999.0,9,  11.8177
  74DI19900515,    12,  1,      7,2,19900521, 48.4985, -17.8020, 4497,     73.9,  11.6170,  35.6110,2,  -999.00,9,  -999.00,9,  -999.00,9,  -999.00,9,   -999.0,9,   -999.0,9,  11.6076
  74DI19900515,    12,  1,      8,2,19900521, 48.4985, -17.8020, 4497,     99.4,  11.4560,  35.5820,2,  -999.00,9,  -999.00,9,  -999.00,9,  -999.00,9,   -999.0,9,   -999.0,9,  11.4434
  74DI19900515,    12,  1,      9,2,19900521, 48.4985, -17.8020, 4497,    149.3,  11.4170,  35.5950,2,  -999.00,9,  -999.00,9,  -999.00,9,  -999.00,9,   -999.0,9,   -999.0,9,  11.3981
  74DI19900515,    12,  1,     10,2,19900521, 48.4985, -17.8020, 4497,    301.0,  11.2180,  35.5600,2,  -999.00,9,  -999.00,9,  -999.00,9,  -999.00,9,   -999.0,9,   -999.0,9,  11.1800
  74DI19900515,    13,  1,      1,2,19900521, 48.5050, -17.8030, 4553,      1.4,  14.1020,  35.6210,2,     1.80,2,     0.04,2,     0.02,2,     0.03,2,   2047.9,2,    238.1,2,  14.1018
  74DI19900515,    13,  1,      2,2,19900521, 48.5050, -17.8030, 4553,      8.8,  14.1010,  35.6220,2,     1.80,2,     0.04,2,     0.02,2,     0.03,2,   2047.4,2,    237.7,2,  14.0997
  74DI19900515,    13,  1,      3,2,19900521, 48.5050, -17.8030, 4553,     19.1,-999.0000,-999.0000,9,     1.89,2,     0.44,2,     0.02,2,     0.07,2,   2060.2,2,    249.4,2,-999.0000
  74DI19900515,    13,  1,      4,2,19900521, 48.5050, -17.8030, 4553,     28.7,  12.0600,  35.7040,2,     3.36,2,     6.81,2,     0.22,2,     0.48,2,   2109.6,2,    319.5,2,  12.0562
  74DI19900515,    13,  1,      5,2,19900521, 48.5050, -17.8030, 4553,     38.7,  11.8940,  35.6490,2,     5.06,2,    10.48,2,     0.18,2,     0.56,2,   2119.4,2,    345.0,2,  11.8890
  74DI19900515,    13,  1,      6,2,19900521, 48.5050, -17.8030, 4553,     49.0,  11.8250,  35.6420,2,     5.26,2,    11.16,2,     0.03,2,     0.58,2,   2120.1,2,    351.3,2,  11.8187
  74DI19900515,    13,  1,      7,2,19900521, 48.5050, -17.8030, 4553,     73.6,  11.6240,  35.6110,2,     5.50,2,    11.31,2,     0.02,2,     0.60,2,   2123.6,2,    355.9,2,  11.6146
  74DI19900515,    13,  1,      8,2,19900521, 48.5050, -17.8030, 4553,     99.0,  11.4660,  35.5970,2,     5.50,2,    11.26,2,     0.07,2,     0.58,2,   2121.8,2,    355.9,2,  11.4534
  74DI19900515,    13,  1,      9,2,19900521, 48.5050, -17.8030, 4553,    123.8,  11.4370,  35.6020,2,     5.31,2,    10.88,2,     0.04,2,     0.56,2,   -999.0,9,    356.1,2,  11.4213
  74DI19900515,    13,  1,     10,2,19900521, 48.5050, -17.8030, 4553,    149.2,  11.3880,  35.5890,2,     5.40,2,    11.17,2,     0.02,2,     0.61,2,   2121.9,2,    354.0,2,  11.3691
  74DI19900515,    13,  1,     11,2,19900521, 48.5050, -17.8030, 4553,    199.7,  11.3510,  35.5880,2,     5.40,2,    11.17,2,     0.02,2,     0.60,2,   -999.0,9,    358.0,2,  11.3257
  74DI19900515,    13,  1,     12,2,19900521, 48.5050, -17.8030, 4553,    298.9,  11.1800,  35.5550,2,     6.19,2,    11.43,2,     0.02,2,     0.63,2,   2124.2,2,    362.0,2,  11.1424
  74DI19900515,    14,  1,      1,2,19900521, 48.5266, -17.8050, 4553,    297.0,  11.1810,  35.5410,2,  -999.00,9,  -999.00,9,  -999.00,9,  -999.00,9,   -999.0,9,   -999.0,9,  11.1436
  74DI19900515,    14,  1,      2,2,19900521, 48.5266, -17.8050, 4553,    396.8,  10.8840,  35.5020,2,     5.84,2,    12.03,2,     0.10,2,     0.67,2,   -999.0,9,   -999.0,9,  10.8347
  74DI19900515,    14,  1,      3,2,19900521, 48.5266, -17.8050, 4553,    596.9,  10.4730,  35.4530,2,     8.09,2,    15.29,2,     0.06,2,     0.87,2,   -999.0,9,   -999.0,9,  10.3999
  74DI19900515,    14,  1,      4,2,19900521, 48.5266, -17.8050, 4553,    746.6,   9.3930,  35.3360,2,  -999.00,9,  -999.00,9,  -999.00,9,  -999.00,9,   -999.0,9,   -999.0,9,   9.3068
  74DI19900515,    14,  1,      5,2,19900521, 48.5266, -17.8050, 4553,    896.6,   7.9680,  35.2510,2,  -999.00,9,  -999.00,9,  -999.00,9,  -999.00,9,   -999.0,9,   -999.0,9,   7.8731
  74DI19900515,    14,  1,      6,2,19900521, 48.5266, -17.8050, 4553,    996.2,   7.3400,  35.2500,2,    12.97,2,    19.43,2,     0.07,2,     1.05,2,   -999.0,9,   -999.0,9,   7.2385
  74DI19900515,    14,  1,      7,2,19900521, 48.5266, -17.8050, 4553,   1495.9,   4.2790,  34.9610,2,  -999.00,9,  -999.00,9,  -999.00,9,  -999.00,9,   -999.0,9,   -999.0,9,   4.1560
  74DI19900515,    14,  1,      8,2,19900521, 48.5266, -17.8050, 4553,   2245.2,   3.5340,  34.9210,2,  -999.00,9,  -999.00,9,  -999.00,9,  -999.00,9,   -999.0,9,   -999.0,9,   3.3498
  74DI19900515,    14,  1,      9,2,19900521, 48.5266, -17.8050, 4553,   2743.9,   3.1540,  34.9510,2,  -999.00,9,  -999.00,9,  -999.00,9,  -999.00,9,   -999.0,9,   -999.0,9,   2.9265
  74DI19900515,    14,  1,     10,2,19900521, 48.5266, -17.8050, 4553,   3243.8,   2.7880,  34.9340,2,  -999.00,9,  -999.00,9,  -999.00,9,  -999.00,9,   -999.0,9,   -999.0,9,   2.5161
  74DI19900515,    14,  1,     11,2,19900521, 48.5266, -17.8050, 4553,   3742.4,   2.5920,  34.9120,2,  -999.00,9,  -999.00,9,  -999.00,9,  -999.00,9,   -999.0,9,   -999.0,9,   2.2704
  74DI19900515,    14,  1,     12,2,19900521, 48.5266, -17.8050, 4553,   4242.4,   2.5460,  34.9010,2,  -999.00,9,  -999.00,9,  -999.00,9,  -999.00,9,   -999.0,9,   -999.0,9,   2.1681
  74DI19900515,    14,  1,     13,2,19900521, 48.5266, -17.8050, 4553,   4433.0,   2.5580,  34.9040,2,  -999.00,9,  -999.00,9,  -999.00,9,  -999.00,9,   -999.0,9,   -999.0,9,   2.1569
  74DI19900515,    15,  1,      1,2,19900522, 48.4747, -17.8580, 4497,      2.3,  14.3370,  35.6230,2,  -999.00,9,     0.30,2,     0.02,2,     1.70,3,   -999.0,9,   -999.0,9,  14.3367
  74DI19900515,    15,  1,      2,2,19900522, 48.4747, -17.8580, 4497,      3.0,  14.3340,  35.6230,2,  -999.00,9,     0.32,2,     0.00,2,     1.70,3,   -999.0,9,   -999.0,9,  14.3336
  74DI19900515,    15,  1,      3,2,19900522, 48.4747, -17.8580, 4497,      9.2,  14.2840,  35.6290,2,  -999.00,9,     0.70,2,     0.02,2,     1.75,3,   -999.0,9,   -999.0,9,  14.2827
  74DI19900515,    15,  1,      4,2,19900522, 48.4747, -17.8580, 4497,     13.4,  13.2000,  35.6370,2,  -999.00,9,     1.22,2,     0.04,2,     1.84,3,   -999.0,9,   -999.0,9,  13.1981
  74DI19900515,    15,  1,      5,2,19900522, 48.4747, -17.8580, 4497,     23.6,  12.9140,  35.6340,2,  -999.00,9,     3.99,2,     0.09,2,     2.28,3,   -999.0,9,   -999.0,9,  12.9108
  74DI19900515,    15,  1,      6,2,19900522, 48.4747, -17.8580, 4497,     34.6,  12.4120,  35.6450,2,  -999.00,9,     5.86,2,     0.22,2,     3.11,3,   -999.0,9,   -999.0,9,  12.4074
  74DI19900515,    15,  1,      7,2,19900522, 48.4747, -17.8580, 4497,    295.6,  11.1280,  35.5400,2,  -999.00,9,  -999.00,9,  -999.00,9,  -999.00,9,   -999.0,9,   -999.0,9,  11.0909
  74DI19900515,    16,  1,      1,2,19900523, 48.4723, -17.8140, 4497,      1.4,  14.4980,  35.6270,2,  -999.00,9,  -999.00,9,  -999.00,9,  -999.00,9,   -999.0,9,   -999.0,9,  14.4978
  74DI19900515,    16,  1,      2,2,19900523, 48.4723, -17.8140, 4497,     43.8,  12.0320,  35.6260,2,  -999.00,9,  -999.00,9,  -999.00,9,  -999.00,9,   -999.0,9,   -999.0,9,  12.0263
  74DI19900515,    16,  1,      3,2,19900523, 48.4723, -17.8140, 4497,     99.5,  11.4580,  35.5820,2,  -999.00,9,  -999.00,9,  -999.00,9,  -999.00,9,   -999.0,9,   -999.0,9,  11.4454
  74DI19900515,    17,  1,      1,2,19900523, 48.4859, -17.8090, 4497,      1.6,  14.5220,  35.6300,2,  -999.00,9,  -999.00,9,  -999.00,9,  -999.00,9,   -999.0,9,   -999.0,9,  14.5218
  74DI19900515,    17,  1,      2,2,19900523, 48.4859, -17.8090, 4497,      3.5,  14.5200,  35.6330,2,  -999.00,9,  -999.00,9,  -999.00,9,  -999.00,9,   -999.0,9,   -999.0,9,  14.5195
  74DI19900515,    17,  1,      3,2,19900523, 48.4859, -17.8090, 4497,      9.7,  13.6730,  35.6700,2,  -999.00,9,  -999.00,9,  -999.00,9,  -999.00,9,   -999.0,9,   -999.0,9,  13.6716
  74DI19900515,    17,  1,      4,2,19900523, 48.4859, -17.8090, 4497,     13.6,  13.0530,  35.7070,2,  -999.00,9,  -999.00,9,  -999.00,9,  -999.00,9,   -999.0,9,   -999.0,9,  13.0511
  74DI19900515,    17,  1,      5,2,19900523, 48.4859, -17.8090, 4497,     23.8,  12.3110,  35.6720,2,  -999.00,9,  -999.00,9,  -999.00,9,  -999.00,9,   -999.0,9,   -999.0,9,  12.3078
  74DI19900515,    17,  1,      6,2,19900523, 48.4859, -17.8090, 4497,     34.2,  12.1700,  35.6840,2,  -999.00,9,  -999.00,9,  -999.00,9,  -999.00,9,   -999.0,9,   -999.0,9,  12.1655
  74DI19900515,    18,  1,      1,2,19900523, 48.4904, -17.8020, 4497,      1.8,  14.4880,  35.6340,2,  -999.00,9,  -999.00,9,  -999.00,9,  -999.00,9,   -999.0,9,   -999.0,9,  14.4877
  74DI19900515,    18,  1,      2,2,19900523, 48.4904, -17.8020, 4497,      8.8,  14.2790,  35.6620,2,  -999.00,9,  -999.00,9,  -999.00,9,  -999.00,9,   -999.0,9,   -999.0,9,  14.2777
  74DI19900515,    18,  1,      3,2,19900523, 48.4904, -17.8020, 4497,     18.7,  12.9250,  35.6820,2,  -999.00,9,  -999.00,9,  -999.00,9,  -999.00,9,   -999.0,9,   -999.0,9,  12.9224
  74DI19900515,    18,  1,      4,2,19900523, 48.4904, -17.8020, 4497,     28.7,  12.2970,  35.6530,2,  -999.00,9,  -999.00,9,  -999.00,9,  -999.00,9,   -999.0,9,   -999.0,9,  12.2932
  74DI19900515,    18,  1,      5,2,19900523, 48.4904, -17.8020, 4497,     38.8,  12.1650,  35.6860,2,  -999.00,9,  -999.00,9,  -999.00,9,  -999.00,9,   -999.0,9,   -999.0,9,  12.1599
  74DI19900515,    18,  1,      6,2,19900523, 48.4904, -17.8020, 4497,     48.4,  12.0630,  35.6710,2,  -999.00,9,  -999.00,9,  -999.00,9,  -999.00,9,   -999.0,9,   -999.0,9,  12.0567
  74DI19900515,    18,  1,      7,2,19900523, 48.4904, -17.8020, 4497,     73.4,  11.6650,  35.6150,2,  -999.00,9,  -999.00,9,  -999.00,9,  -999.00,9,   -999.0,9,   -999.0,9,  11.6556
  74DI19900515,    18,  1,      8,2,19900523, 48.4904, -17.8020, 4497,     99.7,  11.5290,  35.5970,2,  -999.00,9,  -999.00,9,  -999.00,9,  -999.00,9,   -999.0,9,   -999.0,9,  11.5163
  74DI19900515,    18,  1,      9,2,19900523, 48.4904, -17.8020, 4497,    149.0,  11.3730,  35.5770,2,  -999.00,9,  -999.00,9,  -999.00,9,  -999.00,9,   -999.0,9,   -999.0,9,  11.3541
  74DI19900515,    18,  1,     10,2,19900523, 48.4904, -17.8020, 4497,    299.4,  11.1350,  35.5400,2,  -999.00,9,  -999.00,9,  -999.00,9,  -999.00,9,   -999.0,9,   -999.0,9,  11.0974
  74DI19900515,    19,  1,      1,2,19900523, 48.4991, -17.7800, 4497,      1.4,  14.4950,  35.6310,2,     1.84,2,     0.04,2,     0.01,2,     0.14,2,   -999.0,9,    232.4,2,  14.4948
  74DI19900515,    19,  1,      2,2,19900523, 48.4991, -17.7800, 4497,      9.0,  14.4750,  35.6340,2,     1.75,2,     0.04,2,     0.01,2,     0.16,2,   -999.0,9,    231.0,2,  14.4737
  74DI19900515,    19,  1,      3,2,19900523, 48.4991, -17.7800, 4497,     19.4,  13.6940,  35.6570,2,     1.70,2,     0.29,2,     0.03,2,     0.20,2,   -999.0,9,    246.5,2,  13.6912
  74DI19900515,    19,  1,      4,2,19900523, 48.4991, -17.7800, 4497,     29.2,  12.4890,  35.6630,2,     2.72,2,     6.13,2,     0.31,2,     0.75,3,   -999.0,9,    312.4,2,  12.4851
  74DI19900515,    19,  1,      5,2,19900523, 48.4991, -17.7800, 4497,     38.8,  12.0200,  35.6420,2,     4.14,2,     8.19,2,     0.59,2,     0.92,3,   -999.0,9,    332.9,2,  12.0149
  74DI19900515,    19,  1,      6,2,19900523, 48.4991, -17.7800, 4497,     49.0,  11.8770,  35.6350,2,     4.62,2,     9.47,2,     0.64,2,     0.95,3,   -999.0,9,    342.3,2,  11.8706
  74DI19900515,    19,  1,      7,2,19900523, 48.4991, -17.7800, 4497,     74.4,  11.6610,  35.6120,2,     4.87,2,    10.29,2,     0.22,2,     0.89,3,   -999.0,9,    350.0,2,  11.6515
  74DI19900515,    19,  1,      8,2,19900523, 48.4991, -17.7800, 4497,     98.5,  11.4690,  35.5860,2,     5.06,2,    10.83,2,     0.09,2,     0.98,3,   -999.0,9,    356.3,2,  11.4565
  74DI19900515,    19,  1,      9,2,19900523, 48.4991, -17.7800, 4497,    123.0,  11.3820,  35.5760,2,     5.11,2,    11.15,2,     0.04,2,     1.01,3,   -999.0,9,    359.9,2,  11.3665
  74DI19900515,    19,  1,     10,2,19900523, 48.4991, -17.7800, 4497,    148.6,  11.3740,  35.5840,2,     5.11,2,    10.89,2,     0.03,2,     1.03,3,   -999.0,9,    359.1,2,  11.3552
  74DI19900515,    19,  1,     11,2,19900523, 48.4991, -17.7800, 4497,    199.2,  11.3410,  35.5830,2,     5.06,2,    10.63,2,     0.02,2,     0.97,3,   -999.0,9,    358.0,2,  11.3158
  74DI19900515,    19,  1,     12,2,19900523, 48.4991, -17.7800, 4497,    298.6,  11.0380,  35.5200,2,     5.89,2,    11.43,2,     0.02,2,     1.12,3,   -999.0,9,    369.9,2,  11.0007
  74DI19900515,    20,  1,      1,2,19900523, 48.4498, -17.7320, 4497,    298.9,  11.1790,  35.5520,2,  -999.00,9,  -999.00,9,  -999.00,9,  -999.00,9,   -999.0,9,   -999.0,9,  11.1414
  74DI19900515,    20,  1,      2,2,19900523, 48.4498, -17.7320, 4497,    399.3,  10.8740,  35.5030,2,  -999.00,9,  -999.00,9,  -999.00,9,  -999.00,9,   -999.0,9,   -999.0,9,  10.8244
  74DI19900515,    20,  1,      3,2,19900523, 48.4498, -17.7320, 4497,    599.9,  10.4040,  35.4450,2,  -999.00,9,  -999.00,9,  -999.00,9,  -999.00,9,   -999.0,9,   -999.0,9,  10.3308
  74DI19900515,    20,  1,      4,2,19900523, 48.4498, -17.7320, 4497,    749.5,   9.3220,  35.3200,2,  -999.00,9,  -999.00,9,  -999.00,9,  -999.00,9,   -999.0,9,   -999.0,9,   9.2359
  74DI19900515,    20,  1,      5,2,19900523, 48.4498, -17.7320, 4497,    899.4,   8.3420,  35.3330,2,  -999.00,9,  -999.00,9,  -999.00,9,  -999.00,9,   -999.0,9,   -999.0,9,   8.2442
  74DI19900515,    20,  1,      6,2,19900523, 48.4498, -17.7320, 4497,    998.6,   7.7330,  35.3230,2,  -999.00,9,  -999.00,9,  -999.00,9,  -999.00,9,   -999.0,9,   -999.0,9,   7.6282
  74DI19900515,    20,  1,      7,2,19900523, 48.4498, -17.7320, 4497,   1497.5,   4.2830,  34.9670,2,  -999.00,9,  -999.00,9,  -999.00,9,  -999.00,9,   -999.0,9,   -999.0,9,   4.1598
  74DI19900515,    20,  1,      8,2,19900523, 48.4498, -17.7320, 4497,   2246.1,   3.5140,  34.9310,2,  -999.00,9,  -999.00,9,  -999.00,9,  -999.00,9,   -999.0,9,   -999.0,9,   3.3300
  74DI19900515,    20,  1,      9,2,19900523, 48.4498, -17.7320, 4497,   2747.1,   3.1570,  34.9550,2,  -999.00,9,  -999.00,9,  -999.00,9,  -999.00,9,   -999.0,9,   -999.0,9,   2.9291
  74DI19900515,    20,  1,     10,2,19900523, 48.4498, -17.7320, 4497,   3244.9,   2.7880,  34.9390,2,  -999.00,9,  -999.00,9,  -999.00,9,  -999.00,9,   -999.0,9,   -999.0,9,   2.5160
  74DI19900515,    20,  1,     11,2,19900523, 48.4498, -17.7320, 4497,   3743.4,   2.5830,  34.9150,2,  -999.00,9,  -999.00,9,  -999.00,9,  -999.00,9,   -999.0,9,   -999.0,9,   2.2615
  74DI19900515,    20,  1,     12,2,19900523, 48.4498, -17.7320, 4497,   4243.5,   2.5360,  34.9030,2,  -999.00,9,  -999.00,9,  -999.00,9,  -999.00,9,   -999.0,9,   -999.0,9,   2.1582
  74DI19900515,    21,  1,      1,2,19900524, 48.4255, -17.6590, 4497,     13.3,  14.4300,  35.6510,2,  -999.00,9,  -999.00,9,  -999.00,9,  -999.00,9,   -999.0,9,   -999.0,9,  14.4280
  74DI19900515,    21,  1,      2,2,19900524, 48.4255, -17.6590, 4497,     24.3,  13.2120,  35.6330,2,  -999.00,9,  -999.00,9,  -999.00,9,  -999.00,9,   -999.0,9,   -999.0,9,  13.2086
  74DI19900515,    21,  1,      3,2,19900524, 48.4255, -17.6590, 4497,     33.8,  12.4630,  35.6250,2,  -999.00,9,  -999.00,9,  -999.00,9,  -999.00,9,   -999.0,9,   -999.0,9,  12.4585
  74DI19900515,    22,  1,      1,2,19900525, 48.4630, -17.5720, 4497,      2.1,  14.3040,  35.6400,2,     1.70,2,     0.43,2,     0.03,2,     0.02,2,   -999.0,9,   -999.0,9,  14.3037
  74DI19900515,    22,  1,      2,2,19900525, 48.4630, -17.5720, 4497,      3.6,  14.3030,  35.6390,2,     1.70,2,     0.29,2,     0.03,2,     0.03,2,   -999.0,9,   -999.0,9,  14.3025
  74DI19900515,    22,  1,      3,2,19900525, 48.4630, -17.5720, 4497,      8.9,  14.3010,  35.6400,2,     1.70,2,     0.29,2,     0.03,2,     0.02,2,   -999.0,9,   -999.0,9,  14.2997
  74DI19900515,    22,  1,      4,2,19900525, 48.4630, -17.5720, 4497,     13.6,  14.3000,  35.6420,2,     1.70,2,     0.29,2,     0.03,2,     0.02,2,   -999.0,9,   -999.0,9,  14.2980
  74DI19900515,    22,  1,      5,2,19900525, 48.4630, -17.5720, 4497,     22.7,  12.6580,  35.6750,2,     2.28,2,     4.29,2,     0.19,2,     0.34,2,   -999.0,9,   -999.0,9,  12.6549
  74DI19900515,    22,  1,      6,2,19900525, 48.4630, -17.5720, 4497,     35.8,  12.2450,  35.6420,2,     3.26,2,     6.63,2,     0.26,2,     0.48,2,   -999.0,9,   -999.0,9,  12.2403
  74DI19900515,    23,  1,      1,2,19900525, 48.4703, -17.5610, 4497,      1.6,  14.2630,  35.6440,2,  -999.00,9,  -999.00,9,  -999.00,9,  -999.00,9,   -999.0,9,   -999.0,9,  14.2628
  74DI19900515,    23,  1,      2,2,19900525, 48.4703, -17.5610, 4497,      9.0,  14.2640,  35.6420,2,  -999.00,9,  -999.00,9,  -999.00,9,  -999.00,9,   -999.0,9,   -999.0,9,  14.2627
  74DI19900515,    23,  1,      3,2,19900525, 48.4703, -17.5610, 4497,     20.5,  12.5610,  35.6590,2,  -999.00,9,  -999.00,9,  -999.00,9,  -999.00,9,   -999.0,9,   -999.0,9,  12.5583
  74DI19900515,    23,  1,      4,2,19900525, 48.4703, -17.5610, 4497,     28.7,  12.1900,  35.6570,2,  -999.00,9,  -999.00,9,  -999.00,9,  -999.00,9,   -999.0,9,   -999.0,9,  12.1862
  74DI19900515,    23,  1,      5,2,19900525, 48.4703, -17.5610, 4497,     38.7,  12.0940,  35.6650,2,  -999.00,9,  -999.00,9,  -999.00,9,  -999.00,9,   -999.0,9,   -999.0,9,  12.0889
  74DI19900515,    23,  1,      6,2,19900525, 48.4703, -17.5610, 4497,     49.0,  12.0180,  35.6590,2,  -999.00,9,  -999.00,9,  -999.00,9,  -999.00,9,   -999.0,9,   -999.0,9,  12.0116
  74DI19900515,    23,  1,      7,2,19900525, 48.4703, -17.5610, 4497,     73.6,  11.8860,  35.6490,2,  -999.00,9,  -999.00,9,  -999.00,9,  -999.00,9,   -999.0,9,   -999.0,9,  11.8764
  74DI19900515,    23,  1,      8,2,19900525, 48.4703, -17.5610, 4497,     99.6,  11.7130,  35.6230,2,  -999.00,9,  -999.00,9,  -999.00,9,  -999.00,9,   -999.0,9,   -999.0,9,  11.7002
  74DI19900515,    23,  1,      9,2,19900525, 48.4703, -17.5610, 4497,    148.5,  11.4380,  35.5900,2,  -999.00,9,  -999.00,9,  -999.00,9,  -999.00,9,   -999.0,9,   -999.0,9,  11.4191
  74DI19900515,    23,  1,     10,2,19900525, 48.4703, -17.5610, 4497,    301.4,  11.1240,  35.5440,2,  -999.00,9,  -999.00,9,  -999.00,9,  -999.00,9,   -999.0,9,   -999.0,9,  11.0862
  74DI19900515,    24,  1,      1,2,19900525, 48.4717, -17.5440, 4497,      1.4,  14.2100,  35.6430,2,     1.60,2,     0.28,2,     0.04,2,     0.01,2,   2053.1,2,    244.1,2,  14.2098
  74DI19900515,    24,  1,      2,2,19900525, 48.4717, -17.5440, 4497,      9.6,  14.1940,  35.6540,2,     1.94,2,     2.08,2,     0.13,2,     0.14,2,   2070.9,2,    265.1,2,  14.1926
  74DI19900515,    24,  1,      3,2,19900525, 48.4717, -17.5440, 4497,     19.6,  12.3580,  35.6480,2,     3.65,2,     8.32,2,     0.32,2,     0.49,2,   2116.5,2,    335.7,2,  12.3554
  74DI19900515,    24,  1,      4,2,19900525, 48.4717, -17.5440, 4497,     29.2,  12.0890,  35.6590,2,     3.99,2,     9.39,2,     0.06,2,     0.51,2,   -999.0,9,    347.4,2,  12.0852
  74DI19900515,    24,  1,      5,2,19900525, 48.4717, -17.5440, 4497,     38.9,  12.0110,  35.6580,2,     3.99,2,     9.39,2,     0.06,2,     0.51,2,   2119.2,2,    346.5,2,  12.0059
  74DI19900515,    24,  1,      6,2,19900525, 48.4717, -17.5440, 4497,     49.6,  11.8980,  35.6520,2,     4.09,2,     9.66,2,     0.06,2,     0.55,2,   -999.0,9,    350.8,2,  11.8916
  74DI19900515,    24,  1,      7,2,19900525, 48.4717, -17.5440, 4497,     74.1,  11.7410,  35.6290,2,     4.09,2,     9.47,2,     0.23,2,     0.56,2,   2120.1,2,    351.2,2,  11.7315
  74DI19900515,    24,  1,      8,2,19900525, 48.4717, -17.5440, 4497,     99.1,  11.5760,  35.6100,2,     4.19,2,     9.93,2,     0.05,2,     0.60,2,   2120.8,2,    350.9,2,  11.5633
  74DI19900515,    24,  1,      9,2,19900525, 48.4717, -17.5440, 4497,    125.0,  11.4550,  35.5930,2,     4.23,2,    10.21,2,     0.03,2,     0.62,2,   -999.0,9,    357.3,2,  11.4391
  74DI19900515,    24,  1,     10,2,19900525, 48.4717, -17.5440, 4497,    150.0,  11.3750,  35.5850,2,     4.19,2,     9.95,2,     0.03,2,     0.62,2,   2122.1,2,    358.4,2,  11.3560
  74DI19900515,    24,  1,     11,2,19900525, 48.4717, -17.5440, 4497,    198.9,  11.3120,  35.5770,2,     4.23,2,    10.09,2,     0.03,2,     0.62,2,   -999.0,9,    359.5,2,  11.2869
  74DI19900515,    24,  1,     12,2,19900525, 48.4717, -17.5440, 4497,    300.3,  11.1370,  35.5470,2,     4.48,2,    10.76,2,     0.03,2,     0.64,2,   2121.0,2,    365.2,2,  11.0993
  74DI19900515,    25,  1,      1,2,19900526, 48.4414, -17.4860, 4576,    247.9,  11.1660,  35.5470,2,  -999.00,9,  -999.00,9,  -999.00,9,  -999.00,9,   -999.0,9,   -999.0,9,  11.1349
  74DI19900515,    25,  1,      2,2,19900526, 48.4414, -17.4860, 4576,    398.0,  10.7870,  35.4880,2,     4.92,2,    11.45,2,     0.05,2,     0.41,3,   -999.0,9,   -999.0,9,  10.7378
  74DI19900515,    25,  1,      3,2,19900526, 48.4414, -17.4860, 4576,    596.8,   9.9020,  35.3700,2,     6.72,2,    13.80,2,     0.05,2,     0.41,3,   -999.0,9,   -999.0,9,   9.8314
  74DI19900515,    25,  1,      4,2,19900526, 48.4414, -17.4860, 4576,    746.9,   8.9630,  35.2760,2,  -999.00,9,  -999.00,9,  -999.00,9,  -999.00,9,   -999.0,9,   -999.0,9,   8.8792
  74DI19900515,    25,  1,      5,2,19900526, 48.4414, -17.4860, 4576,    896.9,   8.0790,  35.2940,2,  -999.00,9,  -999.00,9,  -999.00,9,  -999.00,9,   -999.0,9,   -999.0,9,   7.9832
  74DI19900515,    25,  1,      6,2,19900526, 48.4414, -17.4860, 4576,    995.9,   7.4180,  35.2950,2,    10.23,2,    18.67,2,     0.06,2,     0.48,3,   -999.0,9,   -999.0,9,   7.3159
  74DI19900515,    25,  1,      7,2,19900526, 48.4414, -17.4860, 4576,   1495.5,   4.4270,  34.9980,2,  -999.00,9,  -999.00,9,  -999.00,9,  -999.00,9,   -999.0,9,   -999.0,9,   4.3023
  74DI19900515,    25,  1,      8,2,19900526, 48.4414, -17.4860, 4576,   2243.8,   3.5120,  34.9460,2,    10.62,2,    17.31,2,     0.04,2,     0.65,3,   -999.0,9,   -999.0,9,   3.3282
  74DI19900515,    25,  1,      9,2,19900526, 48.4414, -17.4860, 4576,   2744.6,   3.0990,  34.9620,2,  -999.00,9,  -999.00,9,  -999.00,9,  -999.00,9,   -999.0,9,   -999.0,9,   2.8725
  74DI19900515,    25,  1,     10,2,19900526, 48.4414, -17.4860, 4576,   3494.0,   2.6550,  34.9310,2,  -999.00,9,  -999.00,9,  -999.00,9,  -999.00,9,   -999.0,9,   -999.0,9,   2.3592
  74DI19900515,    25,  1,     11,2,19900526, 48.4414, -17.4860, 4576,   3992.0,   2.5430,  34.9140,2,  -999.00,9,  -999.00,9,  -999.00,9,  -999.00,9,   -999.0,9,   -999.0,9,   2.1943
  74DI19900515,    25,  1,     12,2,19900526, 48.4414, -17.4860, 4576,   4242.2,   2.5370,  34.9100,2,  -999.00,9,  -999.00,9,  -999.00,9,  -999.00,9,   -999.0,9,   -999.0,9,   2.1593
  74DI19900515,    25,  1,     13,2,19900526, 48.4414, -17.4860, 4576,   4369.6,   2.5400,  34.9090,2,  -999.00,9,  -999.00,9,  -999.00,9,  -999.00,9,   -999.0,9,   -999.0,9,   2.1471
  74DI19900515,    26,  1,      1,2,19900527, 48.4416, -17.5000, 4497,      2.3,  14.8920,  35.6290,2,  -999.00,9,  -999.00,9,  -999.00,9,  -999.00,9,   -999.0,9,   -999.0,9,  14.8917
  74DI19900515,    26,  1,      2,2,19900527, 48.4416, -17.5000, 4497,      3.9,  14.8920,  35.6300,2,  -999.00,9,  -999.00,9,  -999.00,9,  -999.00,9,   -999.0,9,   -999.0,9,  14.8914
  74DI19900515,    26,  1,      3,2,19900527, 48.4416, -17.5000, 4497,      8.6,  14.5850,  35.6380,2,  -999.00,9,  -999.00,9,  -999.00,9,  -999.00,9,   -999.0,9,   -999.0,9,  14.5837
  74DI19900515,    26,  1,      4,2,19900527, 48.4416, -17.5000, 4497,     12.5,  14.3190,  35.6290,2,  -999.00,9,  -999.00,9,  -999.00,9,  -999.00,9,   -999.0,9,   -999.0,9,  14.3172
  74DI19900515,    26,  1,      5,2,19900527, 48.4416, -17.5000, 4497,     23.4,  13.1540,  35.6530,2,  -999.00,9,  -999.00,9,  -999.00,9,  -999.00,9,   -999.0,9,   -999.0,9,  13.1508
  74DI19900515,    26,  1,      6,2,19900527, 48.4416, -17.5000, 4497,     34.8,  12.0760,  35.6650,2,  -999.00,9,  -999.00,9,  -999.00,9,  -999.00,9,   -999.0,9,   -999.0,9,  12.0714
  74DI19900515,    27,  1,      1,2,19900527, 48.4481, -17.4710, 4576,      2.1,  14.8440,  35.6320,2,  -999.00,9,  -999.00,9,  -999.00,9,  -999.00,9,   -999.0,9,   -999.0,9,  14.8437
  74DI19900515,    27,  1,      2,2,19900527, 48.4481, -17.4710, 4576,      8.4,  14.7340,-999.0000,9,  -999.00,9,  -999.00,9,  -999.00,9,  -999.00,9,   -999.0,9,   -999.0,9,-999.0000
  74DI19900515,    27,  1,      3,2,19900527, 48.4481, -17.4710, 4576,     19.5,  14.0970,  35.6340,2,  -999.00,9,  -999.00,9,  -999.00,9,  -999.00,9,   -999.0,9,   -999.0,9,  14.0942
  74DI19900515,    27,  1,      4,2,19900527, 48.4481, -17.4710, 4576,     29.5,  12.7940,  35.6620,2,  -999.00,9,  -999.00,9,  -999.00,9,  -999.00,9,   -999.0,9,   -999.0,9,  12.7900
  74DI19900515,    27,  1,      5,2,19900527, 48.4481, -17.4710, 4576,     39.1,  11.9520,  35.6350,2,  -999.00,9,  -999.00,9,  -999.00,9,  -999.00,9,   -999.0,9,   -999.0,9,  11.9469
  74DI19900515,    27,  1,      6,2,19900527, 48.4481, -17.4710, 4576,     49.6,  11.8940,  35.6360,2,  -999.00,9,  -999.00,9,  -999.00,9,  -999.00,9,   -999.0,9,   -999.0,9,  11.8876
  74DI19900515,    27,  1,      7,2,19900527, 48.4481, -17.4710, 4576,     73.0,  11.6820,  35.6210,2,  -999.00,9,  -999.00,9,  -999.00,9,  -999.00,9,   -999.0,9,   -999.0,9,  11.6726
  74DI19900515,    27,  1,      8,2,19900527, 48.4481, -17.4710, 4576,    101.4,  11.5400,  35.6010,2,  -999.00,9,  -999.00,9,  -999.00,9,  -999.00,9,   -999.0,9,   -999.0,9,  11.5271
  74DI19900515,    27,  1,      9,2,19900527, 48.4481, -17.4710, 4576,    149.5,  11.3680,  35.5810,2,  -999.00,9,  -999.00,9,  -999.00,9,  -999.00,9,   -999.0,9,   -999.0,9,  11.3491
  74DI19900515,    27,  1,     10,2,19900527, 48.4481, -17.4710, 4576,    299.9,  10.9510,  35.5120,2,  -999.00,9,  -999.00,9,  -999.00,9,  -999.00,9,   -999.0,9,   -999.0,9,  10.9137
  74DI19900515,    28,  1,      1,2,19900527, 48.4445, -17.4500, 4576,      1.5,  14.3670,  35.6510,2,     1.70,2,     0.04,2,     0.02,2,     0.00,2,   2049.4,2,    239.8,2,  14.3668
  74DI19900515,    28,  1,      2,2,19900527, 48.4445, -17.4500, 4576,      8.9,  14.2340,  35.6390,2,     1.70,2,     0.15,2,     0.04,2,     0.00,2,   2052.2,2,    243.5,2,  14.2327
  74DI19900515,    28,  1,      3,2,19900527, 48.4445, -17.4500, 4576,     19.3,  13.7970,  35.6400,2,     1.75,2,     1.18,2,     0.08,2,     0.07,2,   2065.7,2,    258.9,2,  13.7942
  74DI19900515,    28,  1,      4,2,19900527, 48.4445, -17.4500, 4576,     29.4,-999.0000,  35.6500,2,     2.33,2,     4.78,2,     0.23,2,     0.34,2,   2101.3,2,    312.0,2,-999.0000
  74DI19900515,    28,  1,      5,2,19900527, 48.4445, -17.4500, 4576,     40.0,  12.0140,  35.6470,2,     3.01,2,     5.88,2,     0.34,2,     0.41,2,   2110.0,2,    330.0,2,  12.0088
  74DI19900515,    28,  1,      6,2,19900527, 48.4445, -17.4500, 4576,     49.4,  11.9470,  35.6400,2,     3.50,2,     6.75,2,     0.41,2,     0.46,2,   2118.9,2,    342.4,2,  11.9406
  74DI19900515,    28,  1,      7,2,19900527, 48.4445, -17.4500, 4576,     73.8,  11.7280,  35.6260,2,     3.60,2,     8.02,2,     0.49,2,     0.50,2,   2117.4,2,    349.8,2,  11.7185
  74DI19900515,    28,  1,      8,2,19900527, 48.4445, -17.4500, 4576,     99.3,  11.4980,  35.5990,2,     3.94,2,     9.40,2,     0.18,2,     0.54,2,   2119.8,2,    358.4,2,  11.4854
  74DI19900515,    28,  1,      9,2,19900527, 48.4445, -17.4500, 4576,    124.5,  11.3670,  35.5820,2,     4.28,2,    10.04,2,     0.08,2,     0.58,2,   -999.0,9,    360.2,2,  11.3513
  74DI19900515,    28,  1,     10,2,19900527, 48.4445, -17.4500, 4576,    149.9,  11.3990,  35.5940,2,     4.23,2,     9.93,2,     0.05,2,     0.58,2,   2117.2,2,    359.7,2,  11.3800
  74DI19900515,    28,  1,     11,2,19900527, 48.4445, -17.4500, 4576,    199.9,  11.2950,  35.5760,2,     4.19,2,     9.67,2,     0.05,2,     0.56,2,   -999.0,9,    359.8,2,  11.2698
  74DI19900515,    28,  1,     12,2,19900527, 48.4445, -17.4500, 4576,    298.5,  10.9360,  35.5120,2,     4.72,2,    10.74,2,     0.05,2,     0.64,2,   2127.2,2,    377.8,2,  10.8989
  74DI19900515,    29,  1,      1,2,19900527, 48.4693, -17.4590, 4576,    301.1,  10.9410,  35.5150,2,  -999.00,9,  -999.00,9,  -999.00,9,  -999.00,9,   -999.0,9,   -999.0,9,  10.9036
  74DI19900515,    30,  1,      1,2,19900528, 48.4324, -17.4740, 4576,    596.8,  10.1810,  35.4170,2,  -999.00,9,  -999.00,9,  -999.00,9,  -999.00,9,   -999.0,9,   -999.0,9,  10.1092
  74DI19900515,    30,  1,      2,2,19900528, 48.4324, -17.4740, 4576,    996.0,   7.5590,  35.3100,2,  -999.00,9,  -999.00,9,  -999.00,9,  -999.00,9,   -999.0,9,   -999.0,9,   7.4558
  74DI19900515,    30,  1,      3,2,19900528, 48.4324, -17.4740, 4576,   2744.1,   3.1040,  34.9590,2,  -999.00,9,  -999.00,9,  -999.00,9,  -999.00,9,   -999.0,9,   -999.0,9,   2.8775
  74DI19900515,    30,  1,      4,2,19900528, 48.4324, -17.4740, 4576,   4343.3,   2.5370,  34.9050,2,  -999.00,9,  -999.00,9,  -999.00,9,  -999.00,9,   -999.0,9,   -999.0,9,   2.1473
  74DI19900515,    31,  1,      1,2,19900529, 48.4291, -17.4590, 4576,      2.3,  14.8810,  35.6420,2,     1.54,2,     0.82,2,     0.03,2,     0.00,2,   -999.0,9,   -999.0,9,  14.8807
  74DI19900515,    31,  1,      2,2,19900529, 48.4291, -17.4590, 4576,      3.9,  14.8800,  35.6440,2,     1.55,2,     0.68,2,     0.03,2,     0.00,2,   -999.0,9,   -999.0,9,  14.8794
  74DI19900515,    31,  1,      3,2,19900529, 48.4291, -17.4590, 4576,      8.7,  14.8900,  35.6470,2,     1.58,2,     0.83,2,     0.03,2,     0.00,2,   -999.0,9,   -999.0,9,  14.8887
  74DI19900515,    31,  1,      4,2,19900529, 48.4291, -17.4590, 4576,     13.3,  14.6830,  35.6550,2,     1.54,2,     0.83,2,     0.03,2,     0.00,2,   -999.0,9,   -999.0,9,  14.6810
  74DI19900515,    31,  1,      5,2,19900529, 48.4291, -17.4590, 4576,     23.5,  13.3640,  35.6160,2,     1.65,2,     0.98,2,     0.07,2,     0.01,2,   -999.0,9,   -999.0,9,  13.3607
  74DI19900515,    31,  1,      6,2,19900529, 48.4291, -17.4590, 4576,     33.8,  12.0400,  35.6520,2,     3.09,2,     5.98,2,     0.49,2,     0.35,2,   -999.0,9,   -999.0,9,  12.0356
  74DI19900515,    32,  1,      1,2,19900529, 48.4125, -17.4520, 4576,      1.6,  14.9980,  35.6440,2,     2.04,2,     0.00,2,     0.01,2,     0.00,2,   2037.1,2,    230.2,2,  14.9978
  74DI19900515,    32,  1,      2,2,19900529, 48.4125, -17.4520, 4576,      9.0,  14.9980,  35.6420,2,     1.99,2,     0.01,2,     0.02,2,     0.00,2,   2050.6,2,    241.8,2,  14.9966
  74DI19900515,    32,  1,      3,2,19900529, 48.4125, -17.4520, 4576,     20.0,  14.3320,  35.6450,2,     1.94,2,     0.09,2,     0.03,2,     0.02,2,   2055.7,2,    248.2,2,  14.3291
  74DI19900515,    32,  1,      4,2,19900529, 48.4125, -17.4520, 4576,     28.6,  12.8930,  35.6500,2,     2.48,2,     3.27,2,     0.20,2,     0.19,2,   2085.8,2,    290.3,2,  12.8891
  74DI19900515,    32,  1,      5,2,19900529, 48.4125, -17.4520, 4576,     38.7,  11.9940,  35.6540,2,     3.70,2,     7.49,2,     0.74,2,     0.39,2,   -999.0,9,    345.6,2,  11.9890
  74DI19900515,    32,  1,      6,2,19900529, 48.4125, -17.4520, 4576,     49.1,  11.8630,  35.6540,2,     3.99,2,     8.74,2,     0.06,2,     0.42,2,   2119.8,2,    350.9,2,  11.8566
  74DI19900515,    32,  1,      7,2,19900529, 48.4125, -17.4520, 4576,     74.5,  11.5500,  35.6100,2,     4.38,2,     9.60,2,     0.04,2,     0.48,2,   2123.6,2,    358.7,2,  11.5405
  74DI19900515,    32,  1,      8,2,19900529, 48.4125, -17.4520, 4576,     99.5,  11.3960,  35.5850,2,     4.58,2,     9.98,2,     0.03,2,     0.51,2,   2125.6,2,    363.7,2,  11.3834
  74DI19900515,    32,  1,      9,2,19900529, 48.4125, -17.4520, 4576,    124.4,  11.2850,  35.5720,2,     4.58,2,    10.20,2,     0.03,2,     0.52,2,   -999.0,9,    365.5,2,  11.2694
  74DI19900515,    32,  1,     10,2,19900529, 48.4125, -17.4520, 4576,    149.5,  11.2130,  35.5660,2,     4.62,2,    10.20,2,     0.03,2,     0.52,2,   2126.4,2,    363.0,2,  11.1943
  74DI19900515,    32,  1,     11,2,19900529, 48.4125, -17.4520, 4576,    199.1,  11.0620,  35.5400,2,     4.92,2,    10.57,2,     0.03,2,     0.54,2,   -999.0,9,    370.2,2,  11.0372
  74DI19900515,    32,  1,     12,2,19900529, 48.4125, -17.4520, 4576,    300.0,  10.8880,  35.5230,2,     4.82,2,    10.57,2,     0.03,2,     0.55,2,   -999.0,9,    370.2,2,  10.8509
  74DI19900515,    33,  1,      1,2,19900529, 48.4488, -17.7330, 4497,      1.6,-999.0000,  35.6430,2,     2.04,2,     0.05,2,     0.00,2,     0.00,2,   -999.0,9,   -999.0,9,-999.0000
  74DI19900515,    33,  1,      2,2,19900529, 48.4488, -17.7330, 4497,      8.6,  15.3300,  35.6840,2,     1.89,2,     0.05,2,     0.00,2,     0.00,2,   -999.0,9,   -999.0,9,  15.3287
  74DI19900515,    33,  1,      3,2,19900529, 48.4488, -17.7330, 4497,     19.7,  14.2530,  35.6540,2,     1.99,2,     0.06,2,     0.02,2,     0.01,2,   -999.0,9,   -999.0,9,  14.2501
  74DI19900515,    33,  1,      4,2,19900529, 48.4488, -17.7330, 4497,     29.3,  13.3710,  35.6330,2,     2.58,2,     3.24,2,     0.17,2,     0.08,2,   -999.0,9,   -999.0,9,  13.3669
  74DI19900515,    33,  1,      5,2,19900529, 48.4488, -17.7330, 4497,     39.1,  12.3100,  35.6370,2,     3.50,2,     6.69,2,     0.34,2,     0.28,2,   -999.0,9,   -999.0,9,  12.3048
  74DI19900515,    33,  1,      6,2,19900529, 48.4488, -17.7330, 4497,     49.7,  12.0730,  35.6580,2,     4.38,2,     9.12,2,     0.35,2,     0.38,2,   -999.0,9,   -999.0,9,  12.0665
  74DI19900515,    33,  1,      7,2,19900529, 48.4488, -17.7330, 4497,     99.0,  11.6190,  35.6150,2,     4.77,2,    10.21,2,     0.04,2,     0.39,2,   -999.0,9,   -999.0,9,  11.6063
  74DI19900515,    33,  1,      8,2,19900529, 48.4488, -17.7330, 4497,    300.6,  11.0020,  35.5150,2,  -999.00,9,  -999.00,9,  -999.00,9,  -999.00,9,   -999.0,9,   -999.0,9,  10.9645
  74DI19900515,    34,  1,      1,2,19900530, 48.3527, -17.4670, 4576,   4120.1,   2.5170,  34.9090,2,  -999.00,9,  -999.00,9,  -999.00,9,  -999.00,9,   -999.0,9,   -999.0,9,   2.1542
  74DI19900515,    35,  1,      1,2,19900530, 48.3453, -17.2120, 4576,     41.4,  11.4230,  35.5850,2,  -999.00,9,  -999.00,9,  -999.00,9,  -999.00,9,   -999.0,9,   -999.0,9,  11.4178
  74DI19900515,    35,  1,      2,2,19900530, 48.3453, -17.2120, 4576,   1495.7,   4.3380,  34.9810,2,  -999.00,9,  -999.00,9,  -999.00,9,  -999.00,9,   -999.0,9,   -999.0,9,   4.2143
  74DI19900515,    35,  1,      3,2,19900530, 48.3453, -17.2120, 4576,   4407.5,   2.5450,  34.9080,2,  -999.00,9,  -999.00,9,  -999.00,9,  -999.00,9,   -999.0,9,   -999.0,9,   2.1474
  74DI19900515,    36,  1,      1,2,19900530, 48.4923, -17.3400, 4576,   4324.9,-999.0000,-999.0000,9,  -999.00,9,  -999.00,9,  -999.00,9,  -999.00,9,   -999.0,9,   -999.0,9,-999.0000
  74DI19900515,    37,  1,      1,2,19900531, 48.3937, -17.3910, 4576,      1.4,  15.0440,  35.6720,2,     1.38,2,     0.24,2,     0.03,2,     0.00,2,   -999.0,9,   -999.0,9,  15.0438
  74DI19900515,    37,  1,      2,2,19900531, 48.3937, -17.3910, 4576,      4.5,  15.0470,  35.6720,2,     1.34,2,     0.30,2,     0.03,2,     0.00,2,   -999.0,9,   -999.0,9,  15.0463
  74DI19900515,    37,  1,      3,2,19900531, 48.3937, -17.3910, 4576,      8.3,  15.0440,  35.6710,2,     1.32,2,     0.35,2,     0.04,2,     0.00,2,   -999.0,9,   -999.0,9,  15.0427
  74DI19900515,    37,  1,      4,2,19900531, 48.3937, -17.3910, 4576,     13.5,  15.0370,  35.6700,2,     1.36,2,     0.29,2,     0.04,2,     0.01,2,   -999.0,9,   -999.0,9,  15.0350
  74DI19900515,    37,  1,      5,2,19900531, 48.3937, -17.3910, 4576,     23.7,  14.8110,  35.6950,2,     1.63,2,     2.18,2,     0.04,2,     0.11,2,   -999.0,9,   -999.0,9,  14.8074
  74DI19900515,    37,  1,      6,2,19900531, 48.3937, -17.3910, 4576,     33.4,  12.7490,  35.6320,2,     1.63,2,     5.05,2,     0.50,2,     0.38,2,   -999.0,9,   -999.0,9,  12.7445
  74DI19900515,    37,  1,      7,2,19900531, 48.3937, -17.3910, 4576,    301.8,  10.9780,  35.5380,2,  -999.00,9,  -999.00,9,  -999.00,9,  -999.00,9,   -999.0,9,   -999.0,9,  10.9404
  74DI19900515,    38,  1,      1,2,19900601, 48.2794, -17.0650, 4576,      1.4,  14.5350,  35.5910,2,     1.45,2,     0.48,2,     0.04,2,     0.08,2,   2040.6,2,    235.9,2,  14.5348
  74DI19900515,    38,  1,      2,2,19900601, 48.2794, -17.0650, 4576,      9.0,  14.5370,  35.5930,2,     1.43,2,     0.63,2,     0.02,2,     0.20,2,   2039.9,2,    236.6,2,  14.5357
  74DI19900515,    38,  1,      3,2,19900601, 48.2794, -17.0650, 4576,     19.5,  13.6070,  35.6130,2,     2.72,2,     6.08,2,     0.31,2,     0.59,2,   2100.3,2,    320.3,2,  13.6042
  74DI19900515,    38,  1,      4,2,19900601, 48.2794, -17.0650, 4576,     29.3,  11.3940,  35.5730,2,     4.09,2,    10.11,2,     0.47,2,     0.70,3,   2115.4,2,    358.1,2,  11.3903
  74DI19900515,    38,  1,      5,2,19900601, 48.2794, -17.0650, 4576,     38.8,  11.3500,  35.5770,2,     4.07,2,    10.44,2,     0.08,2,     0.60,2,   2117.7,2,    361.6,2,  11.3451
  74DI19900515,    38,  1,      6,2,19900601, 48.2794, -17.0650, 4576,     49.1,  11.3030,  35.5680,2,     4.56,2,    11.88,2,     0.04,2,     0.65,2,   2119.2,2,    361.1,2,  11.2968
  74DI19900515,    38,  1,      7,2,19900601, 48.2794, -17.0650, 4576,     73.8,  11.2120,  35.5580,2,     4.07,2,    10.44,2,     0.03,2,     0.63,2,   2118.4,2,    363.2,2,  11.2028
  74DI19900515,    38,  1,      8,2,19900601, 48.2794, -17.0650, 4576,    100.1,  11.1470,  35.5520,2,     4.24,2,    10.78,2,     0.03,2,     0.65,2,   2115.7,2,    364.6,2,  11.1345
  74DI19900515,    38,  1,      9,2,19900601, 48.2794, -17.0650, 4576,    124.0,  11.1000,  35.5470,2,     4.48,2,    10.99,2,     0.03,2,     0.66,2,   -999.0,9,    364.0,2,  11.0846
  74DI19900515,    38,  1,     10,2,19900601, 48.2794, -17.0650, 4576,    149.9,  11.0710,  35.5470,2,     5.34,2,    11.42,2,     0.03,2,     0.60,2,   2117.2,2,    364.2,2,  11.0524
  74DI19900515,    38,  1,     11,2,19900601, 48.2794, -17.0650, 4576,    198.5,  10.9670,  35.5330,2,     4.61,2,    11.31,2,     0.03,2,     0.68,2,   -999.0,9,    367.3,2,  10.9424
  74DI19900515,    38,  1,     12,2,19900601, 48.2794, -17.0650, 4576,    298.9,  10.8340,  35.5210,2,     4.73,2,    11.28,2,     0.06,2,     0.67,2,   2113.4,2,    370.8,2,  10.7971
  74DI19900515,    39,  1,      1,2,19900602, 47.9584, -16.7360, 4688,      1.5,-999.0000,-999.0000,9,     1.40,2,     0.25,2,     0.02,2,     0.04,2,   -999.0,9,    230.4,2,-999.0000
  74DI19900515,    39,  1,      2,2,19900602, 47.9584, -16.7360, 4688,      3.6,  15.0560,  35.6510,2,     1.32,2,     0.25,2,     0.02,2,     0.03,2,   -999.0,9,    229.5,2,  15.0554
  74DI19900515,    39,  1,      3,2,19900602, 47.9584, -16.7360, 4688,      8.8,  14.9290,  35.6330,2,     1.40,2,     0.61,2,     0.04,2,     0.06,2,   -999.0,9,    242.0,2,  14.9277
  74DI19900515,    39,  1,      4,2,19900602, 47.9584, -16.7360, 4688,     12.9,  14.8760,  35.6520,2,     2.25,2,     4.33,2,     0.25,2,     0.32,2,   -999.0,9,    299.0,2,  14.8741
  74DI19900515,    39,  1,      5,2,19900602, 47.9584, -16.7360, 4688,     15.9,  14.7730,  35.6610,2,     2.49,2,     4.90,2,     0.29,2,     0.39,2,   -999.0,9,    316.3,2,  14.7706
  74DI19900515,    39,  1,      6,2,19900602, 47.9584, -16.7360, 4688,     19.5,  12.3240,  35.6540,2,     3.07,2,     6.11,2,     0.35,2,     0.47,2,   -999.0,9,    341.5,2,  12.3214
  74DI19900515,    39,  1,      7,2,19900602, 47.9584, -16.7360, 4688,     24.3,  11.8440,  35.6600,2,     3.27,2,     6.37,2,     0.38,2,     0.40,2,   -999.0,9,    349.6,2,  11.8409
  74DI19900515,    39,  1,      8,2,19900602, 47.9584, -16.7360, 4688,     28.9,  11.6620,  35.6340,2,     3.39,2,     7.20,2,     0.53,2,     0.46,2,   -999.0,9,    358.8,2,  11.6583
  74DI19900515,    39,  1,      9,2,19900602, 47.9584, -16.7360, 4688,     34.0,  11.5290,  35.6380,2,     2.70,2,     6.34,2,     0.26,2,     0.31,2,   -999.0,9,   -999.0,9,  11.5247
  74DI19900515,    39,  1,     10,2,19900602, 47.9584, -16.7360, 4688,     39.0,  11.4660,  35.6350,2,     3.25,2,     7.63,2,     0.26,2,     0.46,2,   -999.0,9,    356.2,2,  11.4611
  74DI19900515,    39,  1,     11,2,19900602, 47.9584, -16.7360, 4688,     48.3,  11.3650,  35.6210,2,     3.39,2,     7.80,2,     0.31,2,     0.44,2,   -999.0,9,   -999.0,9,  11.3589
  74DI19900515,    39,  1,     12,2,19900602, 47.9584, -16.7360, 4688,     73.7,  11.2270,  35.6060,2,     2.45,2,     6.24,2,     0.02,2,     0.30,2,   -999.0,9,    364.2,2,  11.2178
  74DI19900515,    39,  1,     13,2,19900602, 47.9584, -16.7360, 4688,    303.4,  10.8090,  35.5610,2,  -999.00,9,  -999.00,9,  -999.00,9,  -999.00,9,   -999.0,9,   -999.0,9,  10.7716
  74DI19900515,    40,  1,      1,2,19900603, 47.9688, -16.9510, 4688,      1.4,  15.1100,  35.6120,2,     1.28,2,     0.20,2,     0.02,2,     0.02,2,   -999.0,9,   -999.0,9,  15.1098
  74DI19900515,    40,  1,      2,2,19900603, 47.9688, -16.9510, 4688,      3.6,  15.1060,  35.6120,2,     1.20,2,     0.25,2,     0.02,2,     0.02,2,   -999.0,9,   -999.0,9,  15.1054
  74DI19900515,    40,  1,      3,2,19900603, 47.9688, -16.9510, 4688,      9.0,  14.9680,  35.6070,2,     1.28,2,     0.37,2,     0.04,2,     0.05,2,   -999.0,9,   -999.0,9,  14.9666
  74DI19900515,    40,  1,      4,2,19900603, 47.9688, -16.9510, 4688,     13.5,  14.9960,  35.6090,2,     1.51,2,     0.40,2,     0.06,2,     0.20,2,   -999.0,9,   -999.0,9,  14.9940
  74DI19900515,    40,  1,      5,2,19900603, 47.9688, -16.9510, 4688,     24.4,  14.2290,  35.6040,2,     2.06,2,     4.04,2,     0.22,2,     0.34,2,   -999.0,9,   -999.0,9,  14.2254
  74DI19900515,    40,  1,      6,2,19900603, 47.9688, -16.9510, 4688,     34.6,  12.5830,  35.6090,2,     2.60,2,     5.91,2,     0.25,2,     0.32,2,   -999.0,9,   -999.0,9,  12.5783
  74DI19900515,    41,  1,      1,2,19900603, 47.8902, -16.7410, 4688,      1.3,  15.1620,  35.6140,2,     1.40,2,     0.28,2,     0.01,2,     0.09,2,   -999.0,9,    233.9,2,  15.1618
  74DI19900515,    41,  1,      2,2,19900603, 47.8902, -16.7410, 4688,      8.3,  14.9260,  35.6110,2,     1.40,2,     0.25,2,     0.01,2,     0.09,2,   -999.0,9,    232.4,2,  14.9248
  74DI19900515,    41,  1,      3,2,19900603, 47.8902, -16.7410, 4688,     20.3,  12.4650,  35.5760,2,     1.36,2,     0.30,2,     0.01,2,     0.09,2,   -999.0,9,    232.0,2,  12.4623
  74DI19900515,    41,  1,      4,2,19900603, 47.8902, -16.7410, 4688,     28.8,  11.4520,  35.5970,2,     1.59,2,     1.56,2,     0.07,2,     0.18,2,   -999.0,9,    253.1,2,  11.4484
  74DI19900515,    41,  1,      5,2,19900603, 47.8902, -16.7410, 4688,     38.9,  11.3870,  35.5900,2,     2.60,2,     5.72,2,     0.30,2,     0.44,2,   -999.0,9,    316.7,2,  11.3821
  74DI19900515,    41,  1,      6,2,19900603, 47.8902, -16.7410, 4688,     50.0,  11.2970,  35.5770,2,     3.68,2,     8.81,2,     0.19,2,     0.57,2,   -999.0,9,    357.8,2,  11.2907
  74DI19900515,    41,  1,      7,2,19900603, 47.8902, -16.7410, 4688,     73.1,  11.2070,  35.5700,2,     3.81,2,     9.37,2,     0.02,2,     0.57,2,   -999.0,9,    363.8,2,  11.1979
  74DI19900515,    41,  1,      8,2,19900603, 47.8902, -16.7410, 4688,     99.4,  11.1630,  35.5690,2,     3.78,2,     9.37,2,     0.02,2,     0.57,2,   -999.0,9,    363.1,2,  11.1506
  74DI19900515,    41,  1,      9,2,19900603, 47.8902, -16.7410, 4688,    123.4,  11.1450,  35.5680,2,     3.81,2,     9.30,2,     0.02,2,     0.57,2,   -999.0,9,    362.0,2,  11.1296
  74DI19900515,    41,  1,     10,2,19900603, 47.8902, -16.7410, 4688,    150.7,  11.0930,  35.5620,2,     3.78,2,     9.41,2,     0.02,2,     0.56,2,   -999.0,9,    364.6,2,  11.0742
  74DI19900515,    41,  1,     11,2,19900603, 47.8902, -16.7410, 4688,    198.2,  10.9580,  35.5380,2,     3.93,2,     9.51,2,     0.02,2,     0.58,2,   -999.0,9,    369.7,2,  10.9335
  74DI19900515,    41,  1,     12,2,19900603, 47.8902, -16.7410, 4688,    298.9,  10.8470,  35.5260,2,     3.89,2,     9.41,2,     0.02,2,     0.56,2,   -999.0,9,    369.1,2,  10.8101
  74DI19900515,    42,  1,      1,2,19900604, 47.7273, -16.5590, 4688,      1.7,  15.1410,  35.6180,2,  -999.00,9,  -999.00,9,  -999.00,9,  -999.00,9,   -999.0,9,   -999.0,9,  15.1407
  74DI19900515,    42,  1,      2,2,19900604, 47.7273, -16.5590, 4688,      8.7,  15.0800,  35.6170,2,  -999.00,9,  -999.00,9,  -999.00,9,  -999.00,9,   -999.0,9,   -999.0,9,  15.0787
  74DI19900515,    42,  1,      3,2,19900604, 47.7273, -16.5590, 4688,     19.6,  14.5230,  35.6110,2,  -999.00,9,  -999.00,9,  -999.00,9,  -999.00,9,   -999.0,9,   -999.0,9,  14.5201
  74DI19900515,    42,  1,      4,2,19900604, 47.7273, -16.5590, 4688,     30.0,  13.0470,  35.6860,2,  -999.00,9,  -999.00,9,  -999.00,9,  -999.00,9,   -999.0,9,   -999.0,9,  13.0429
  74DI19900515,    42,  1,      5,2,19900604, 47.7273, -16.5590, 4688,     39.9,  11.6180,  35.6210,2,  -999.00,9,  -999.00,9,  -999.00,9,  -999.00,9,   -999.0,9,   -999.0,9,  11.6129
  74DI19900515,    42,  1,      6,2,19900604, 47.7273, -16.5590, 4688,     49.2,  11.5230,  35.5960,2,  -999.00,9,  -999.00,9,  -999.00,9,  -999.00,9,   -999.0,9,   -999.0,9,  11.5168
  74DI19900515,    42,  1,      7,2,19900604, 47.7273, -16.5590, 4688,     74.2,  11.3230,  35.5720,2,  -999.00,9,  -999.00,9,  -999.00,9,  -999.00,9,   -999.0,9,   -999.0,9,  11.3137
  74DI19900515,    42,  1,      8,2,19900604, 47.7273, -16.5590, 4688,     98.9,  11.2410,  35.5610,2,  -999.00,9,  -999.00,9,  -999.00,9,  -999.00,9,   -999.0,9,   -999.0,9,  11.2286
  74DI19900515,    42,  1,      9,2,19900604, 47.7273, -16.5590, 4688,    125.3,  11.1460,  35.5540,2,  -999.00,9,  -999.00,9,  -999.00,9,  -999.00,9,   -999.0,9,   -999.0,9,  11.1304
  74DI19900515,    42,  1,     10,2,19900604, 47.7273, -16.5590, 4688,    150.5,  11.1130,  35.5560,2,  -999.00,9,  -999.00,9,  -999.00,9,  -999.00,9,   -999.0,9,   -999.0,9,  11.0942
  74DI19900515,    42,  1,     11,2,19900604, 47.7273, -16.5590, 4688,    200.7,  10.9920,  35.5380,2,  -999.00,9,  -999.00,9,  -999.00,9,  -999.00,9,   -999.0,9,   -999.0,9,  10.9671
  74DI19900515,    42,  1,     12,2,19900604, 47.7273, -16.5590, 4688,    300.5,  10.8270,  35.5180,2,  -999.00,9,  -999.00,9,  -999.00,9,  -999.00,9,   -999.0,9,   -999.0,9,  10.7899
  74DI19900515,    43,  1,      1,2,19900604, 47.7034, -16.5190, 4688,      1.7,-999.0000,  35.6310,2,  -999.00,9,  -999.00,9,  -999.00,9,  -999.00,9,   -999.0,9,   -999.0,9,-999.0000
  74DI19900515,    43,  1,      2,2,19900604, 47.7034, -16.5190, 4688,     73.0,  11.2900,  35.5750,2,  -999.00,9,  -999.00,9,  -999.00,9,  -999.00,9,   -999.0,9,   -999.0,9,  11.2808
  74DI19900515,    44,  1,      1,2,19900604, 47.6943, -16.4960, 4926,    246.9,  10.8780,  35.5320,2,  -999.00,9,  -999.00,9,  -999.00,9,  -999.00,9,   -999.0,9,   -999.0,9,  10.8475
  74DI19900515,    44,  1,      2,2,19900604, 47.6943, -16.4960, 4926,    395.9,  10.6530,  35.5020,2,  -999.00,9,  -999.00,9,  -999.00,9,  -999.00,9,   -999.0,9,   -999.0,9,  10.6044
  74DI19900515,    44,  1,      3,2,19900604, 47.6943, -16.4960, 4926,    598.0,  10.2510,  35.4440,2,  -999.00,9,  -999.00,9,  -999.00,9,  -999.00,9,   -999.0,9,   -999.0,9,  10.1787
  74DI19900515,    44,  1,      4,2,19900604, 47.6943, -16.4960, 4926,    747.5,   9.1010,  35.3230,2,  -999.00,9,  -999.00,9,  -999.00,9,  -999.00,9,   -999.0,9,   -999.0,9,   9.0163
  74DI19900515,    44,  1,      5,2,19900604, 47.6943, -16.4960, 4926,    895.4,   8.5720,  35.3810,2,  -999.00,9,  -999.00,9,  -999.00,9,  -999.00,9,   -999.0,9,   -999.0,9,   8.4731
  74DI19900515,    44,  1,      6,2,19900604, 47.6943, -16.4960, 4926,    996.9,   7.9820,  35.4140,2,  -999.00,9,  -999.00,9,  -999.00,9,  -999.00,9,   -999.0,9,   -999.0,9,   7.8755
  74DI19900515,    44,  1,      7,2,19900604, 47.6943, -16.4960, 4926,   1496.0,   4.2880,  34.9830,2,  -999.00,9,  -999.00,9,  -999.00,9,  -999.00,9,   -999.0,9,   -999.0,9,   4.1649
  74DI19900515,    44,  1,      8,2,19900604, 47.6943, -16.4960, 4926,   2245.4,   3.4980,  34.9650,2,  -999.00,9,  -999.00,9,  -999.00,9,  -999.00,9,   -999.0,9,   -999.0,9,   3.3143
  74DI19900515,    44,  1,      9,2,19900604, 47.6943, -16.4960, 4926,   2744.2,   3.0390,  34.9670,2,  -999.00,9,  -999.00,9,  -999.00,9,  -999.00,9,   -999.0,9,   -999.0,9,   2.8137
  74DI19900515,    44,  1,     10,2,19900604, 47.6943, -16.4960, 4926,   3492.5,   2.6360,  34.9360,2,  -999.00,9,  -999.00,9,  -999.00,9,  -999.00,9,   -999.0,9,   -999.0,9,   2.3408
  74DI19900515,    44,  1,     11,2,19900604, 47.6943, -16.4960, 4926,   4242.3,   2.5270,  34.9150,2,  -999.00,9,  -999.00,9,  -999.00,9,  -999.00,9,   -999.0,9,   -999.0,9,   2.1496
  74DI19900515,    44,  1,     12,2,19900604, 47.6943, -16.4960, 4926,   4916.3,   2.5710,  34.9090,2,  -999.00,9,  -999.00,9,  -999.00,9,  -999.00,9,   -999.0,9,   -999.0,9,   2.1097
END_DATA
